{
    "blue": {
        "bleu": 0.21219072299870567,
        "precisions": [
            0.32854578096947934,
            0.21739130434782608,
            0.1809872029250457,
            0.15682656826568267
        ],
        "brevity_penalty": 1.0,
        "length_ratio": 1.6981707317073171,
        "translation_length": 557,
        "reference_length": 328
    },
    "rouge": {
        "rougeL": 0.3505997684912797
    },
    "bertscore": {
        "precision": [
            0.8526983261108398,
            0.865585207939148,
            0.9146279096603394,
            0.8818216323852539,
            0.8792874813079834
        ],
        "recall": [
            0.8972645998001099,
            0.8534696698188782,
            0.9649979472160339,
            0.8570640087127686,
            0.961331844329834
        ],
        "f1": [
            0.8744139671325684,
            0.8594846725463867,
            0.9391380548477173,
            0.8692665696144104,
            0.918481171131134
        ],
        "hashcode": "roberta-large_L17_no-idf_version=0.3.12(hug_trans=4.35.2)"
    },
    "llm_accuracy": 0.6
}