Retriever,k,HR,MRR
BM25,300,0.7518135244406171,0.29113854040734316
