Retriever,k,HR,MRR
BM25,3,0.3177937033847591,0.2636263677452994
