Retriever,k,HR,MRR
BM25,400,0.06435275057288398,0.0005277289777013751
