Retriever,k,HR,MRR
BM25,300,0.04369973581656036,0.00046832092168463295
