Retriever,k,HR,MRR
BM25,500,0.08453870068454163,0.0005725759389897565
