Retriever,k,HR,MRR
BM25,1000,0.8182242786040606,0.29127225752426944
