Retriever,k,HR,MRR
BM25,25,0.5115817436107016,0.2874160117917653
