Retriever,k,HR,MRR
BM25,200,0.7218338125611198,0.29101490824324416
