Retriever,k,HR,MRR
BM25,400,0.7700874286631734,0.2911915914992866
