Retriever,k,HR,MRR
BM25,5,0.36099718301636186,0.2735033254029748
