Retriever,k,HR,MRR
BM25,150,0.6982616437756338,0.2908783864649061
