Retriever,k,HR,MRR
BM25,500,0.7834863456570286,0.2912216361054638
