Retriever,k,HR,MRR
BM25,10,0.42375899464335237,0.28186252568450904
