Retriever,k,HR,MRR
BM25,50,0.58473574358151,0.28947767455255785
