Retriever,k,HR,MRR
BM25,100,0.660721322960606,0.29056919559466626
