Retriever,k,HR,MRR
BM25,15,0.4629778290251485,0.2849467368285097
