Retriever,k,HR,MRR
BM25,1000,0.15824733992089093,0.0006758838960455632
