Retriever,k,HR,MRR
BM25,1,0.22103834308817305,0.22103834308817305
