Retriever,k,HR,MRR
largeDPR,1000,0.9830886697975305,0.4492821483365285
