Retriever,k,HR,MRR
largeDPR,200,0.9462647342394178,0.4491808156378011
