Retriever,k,HR,MRR
largeDPR,15,0.6960314745124871,0.4422754869388536
