Retriever,k,HR,MRR
largeDPR,400,0.6455229683077784,0.4382973471580657
