Retriever,k,HR,MRR
largeDPR,1000,0.6455229683077784,0.4382973471580657
