Retriever,k,HR,MRR
largeDPR,50,0.8438948154138027,0.447935845531416
