Retriever,k,HR,MRR
largeDPR,25,0.760644418872267,0.4455635678886692
