Retriever,k,HR,MRR
largeDPR,5,0.5600255030634778,0.4268532485304805
