Retriever,k,HR,MRR
largeDPR,1,0.34625073865580197,0.34625073865580197
