Retriever,k,HR,MRR
largeDPR,150,0.6455229683077784,0.4382973471580657
