Retriever,k,HR,MRR
largeDPR,500,0.9708192081609803,0.4492639505553999
