Retriever,k,HR,MRR
largeDPR,300,0.9587052530090505,0.449231996549189
