Retriever,k,HR,MRR
largeDPR,25,0.6455229683077784,0.4382973471580657
