Retriever,k,HR,MRR
largeDPR,100,0.9107004012067303,0.4489167046395609
