Retriever,k,HR,MRR
largeDPR,3,0.49613566385718283,0.4122554660529733
