Retriever,k,HR,MRR
largeDPR,400,0.9660373837589028,0.44925321722007894
