Retriever,k,HR,MRR
largeDPR,150,0.9339019687120953,0.44910905688273917
