Retriever,k,HR,MRR
BM25-k1000-CE-k1,1,0.18303095762847926,0.18303095762847926
