Retriever,k,HR,MRR
BM25-k1000-CE-k10,10,0.4055142819610877,0.24870967599940033
