Retriever,k,HR,MRR
BM25-k15-CE-k5,5,0.37019251820822324,0.2743469609174026
