Retriever,k,HR,MRR
BM25-k5-CE-k3,3,0.3198808985156102,0.263395268051323
