Retriever,k,HR,MRR
BM25-k5-CE-k5,5,0.36099718301636186,0.27274531840673527
