Retriever,k,HR,MRR
BM25-k15-CE-k10,10,0.42943674923007313,0.2822890465232144
