Retriever,k,HR,MRR
BM25-k300-CE-k5,5,0.34856158685213023,0.24966429728666162
