Retriever,k,HR,MRR
BM25-k25-CE-k3,3,0.321909710565878,0.2604444898535128
