Retriever,k,HR,MRR
BM25-k500-CE-k1,1,0.18739509290207698,0.18739509290207698
