Retriever,k,HR,MRR
BM25-k200-CE-k1,1,0.19466378643469123,0.19466378643469123
