Retriever,k,HR,MRR
BM25-k150-CE-k5,5,0.35711470815757596,0.25710741027251666
