Retriever,k,HR,MRR
BM25-k150-CE-k10,10,0.42934917460919825,0.2667176939424656
