Retriever,k,HR,MRR
BM25-k300-CE-k3,3,0.29822077561922555,0.23818837300951207
