Retriever,k,HR,MRR
BM25-k1000-CE-k3,3,0.2865733510428678,0.22831433450586933
