Retriever,k,HR,MRR
BM25-k300-CE-k10,10,0.4214382671901683,0.2593371748010406
