Retriever,k,HR,MRR
BM25-k500-CE-k5,5,0.3424751507013268,0.24486374848570422
