Retriever,k,HR,MRR
BM25-k10-CE-k5,5,0.3671420022477486,0.27443696816663515
