Retriever,k,HR,MRR
BM25-k100-CE-k5,5,0.3612015237984032,0.2613586715903195
