Retriever,k,HR,MRR
BM25-k400-CE-k10,10,0.41679681228380017,0.2563540426460725
