Retriever,k,HR,MRR
BM25-k25-CE-k5,5,0.37054281669172273,0.2715270581252329
