Retriever,k,HR,MRR
BM25-k15-CE-k3,3,0.3245807365025616,0.2639182831482152
