Retriever,k,HR,MRR
BM25-k1000-CE-k5,5,0.3349729248463795,0.2393290324464133
