Retriever,k,HR,MRR
BM25-k400-CE-k5,5,0.34483966546494826,0.2467697128039116
