Retriever,k,HR,MRR
BM25-k500-CE-k3,3,0.2924408506414841,0.23346664136734147
