Retriever,k,HR,MRR
BM25-k100-CE-k1,1,0.20183030957628478,0.20183030957628478
