Retriever,k,HR,MRR
BM25-k50-CE-k5,5,0.3672879599492067,0.2671833569298407
