Retriever,k,HR,MRR
BM25-k25-CE-k10,10,0.4331440748471093,0.27992479239834683
