Retriever,k,HR,MRR
BM25-k200-CE-k5,5,0.35388904295535156,0.2537929541352395
