Retriever,k,HR,MRR
BM25-k400-CE-k1,1,0.18910279800913696,0.18910279800913696
