Retriever,k,HR,MRR
BM25-k10-CE-k10,10,0.42375899464335237,0.28201077121501816
