Retriever,k,HR,MRR
BM25-k150-CE-k1,1,0.19769970662502007,0.19769970662502007
