Retriever,k,HR,MRR
BM25-k200-CE-k3,3,0.30305197553748925,0.24219004665782168
