Retriever,k,HR,MRR
BM25-k300-CE-k1,1,0.19137973815188358,0.19137973815188358
