Retriever,k,HR,MRR
BM25-k10-CE-k1,1,0.21765212441434473,0.21765212441434473
