Retriever,k,HR,MRR
BM25-k50-CE-k1,1,0.20724534030038094,0.20724534030038094
