Retriever,k,HR,MRR
BM25-k500-CE-k10,10,0.4143009355888663,0.2543980588552547
