Retriever,k,HR,MRR
BM25-k100-CE-k10,10,0.4316261147519449,0.2707831198296614
