Retriever,k,HR,MRR
BM25-k25-CE-k1,1,0.2121349232992279,0.2121349232992279
