Retriever,k,HR,MRR
BM25-k10-CE-k3,3,0.3237195860639587,0.26451914235255114
