Retriever,k,HR,MRR
BM25-k3-CE-k1,1,0.22032315035102829,0.22032315035102829
