Retriever,k,HR,MRR
BM25-k50-CE-k10,10,0.4346182476318363,0.27618769025182
