Retriever,k,HR,MRR
BM25-k50-CE-k3,3,0.3183921299607374,0.2560073757291874
