Retriever,k,HR,MRR
BM25-k5-CE-k1,1,0.21845489177236438,0.21845489177236438
