Retriever,k,HR,MRR
BM25-k100-CE-k3,3,0.31113803219826897,0.2498747196395897
