Retriever,k,HR,MRR
BM25-k150-CE-k3,3,0.3063944069008801,0.2455154496227081
