Retriever,k,HR,MRR
BM25-k3-CE-k3,3,0.3177937033847591,0.26345851638862217
