Retriever,k,HR,MRR
BM25-k15-CE-k1,1,0.2160319939281596,0.2160319939281596
