Retriever,k,HR,MRR
BM25-k200-CE-k10,10,0.42621108402784874,0.2634208975286695
