Retriever,k,HR,MRR
BM25-k400-CE-k3,3,0.2941631515186899,0.23520840327140827
