Retriever,k,HR,MRR
BM25-k300-CE-k3,3,0.31633412637017794,0.25778319443026027
