Retriever,k,HR,MRR
BM25-k50-CE-k5,5,0.35180184782450047,0.26338602406357137
