Retriever,k,HR,MRR
BM25-k500-CE-k1,1,0.2111570066994585,0.2111570066994585
