Retriever,k,HR,MRR
BM25-k400-CE-k10,10,0.4293783661494899,0.2771784476541337
