Retriever,k,HR,MRR
BM25-k400-CE-k3,3,0.3163049348298863,0.25762507358701414
