Retriever,k,HR,MRR
BM25-k150-CE-k10,10,0.4229708230554785,0.27615191903101693
