Retriever,k,HR,MRR
BM25-k3-CE-k3,3,0.25525082830995577,0.21940848208856165
