Retriever,k,HR,MRR
BM25-k300-CE-k5,5,0.3633179104695459,0.2685008684483355
