Retriever,k,HR,MRR
BM25-k15-CE-k1,1,0.20435537781151022,0.20435537781151022
