Retriever,k,HR,MRR
BM25-k10-CE-k5,5,0.3215448163122327,0.24846549803201437
