Retriever,k,HR,MRR
BM25-k25-CE-k3,3,0.30292061360617695,0.24951712327101652
