Retriever,k,HR,MRR
BM25-k50-CE-k1,1,0.2099163662370645,0.2099163662370645
