Retriever,k,HR,MRR
BM25-k100-CE-k5,5,0.3587202428736152,0.26708629505836995
