Retriever,k,HR,MRR
BM25-k150-CE-k3,3,0.3153270182301169,0.25747911588555566
