Retriever,k,HR,MRR
BM25-k400-CE-k1,1,0.21136134748149987,0.21136134748149987
