Retriever,k,HR,MRR
BM25-k50-CE-k10,10,0.40770364748295945,0.27085478390268175
