Retriever,k,HR,MRR
BM25-k200-CE-k3,3,0.31573569979419963,0.2575885841616491
