Retriever,k,HR,MRR
BM25-k10-CE-k3,3,0.28930276006013456,0.241051576586446
