Retriever,k,HR,MRR
BM25-k15-CE-k5,5,0.33253543123202894,0.253266046832973
