Retriever,k,HR,MRR
BM25-k200-CE-k1,1,0.21181381635602003,0.21181381635602003
