Retriever,k,HR,MRR
BM25-k15-CE-k3,3,0.29630872973012423,0.2449924345258152
