Retriever,k,HR,MRR
BM25-k5-CE-k1,1,0.19603578882839753,0.19603578882839753
