Retriever,k,HR,MRR
BM25-k10-CE-k1,1,0.2025600980835754,0.2025600980835754
