Retriever,k,HR,MRR
BM25-k150-CE-k1,1,0.21197436982762397,0.21197436982762397
