Retriever,k,HR,MRR
BM25-k1000-CE-k10,10,0.430064367346343,0.2764269624186815
