Retriever,k,HR,MRR
BM25-k100-CE-k1,1,0.21182841212616585,0.21182841212616585
