Retriever,k,HR,MRR
BM25-k200-CE-k10,10,0.4252769547385168,0.2766089403957489
