Retriever,k,HR,MRR
BM25-k500-CE-k10,10,0.42921781267788595,0.27692481718798884
