Retriever,k,HR,MRR
BM25-k50-CE-k3,3,0.30890487936595973,0.25359664102677043
