Retriever,k,HR,MRR
BM25-k5-CE-k3,3,0.27283873133565895,0.23029449398898166
