Retriever,k,HR,MRR
BM25-k500-CE-k3,3,0.31585246595536615,0.25730153401544864
