Retriever,k,HR,MRR
BM25-k25-CE-k10,10,0.39255323807160686,0.26521630467999235
