Retriever,k,HR,MRR
BM25-k150-CE-k5,5,0.36109935340738253,0.26790560428922183
