Retriever,k,HR,MRR
BM25-k300-CE-k1,1,0.21169705019485352,0.21169705019485352
