Retriever,k,HR,MRR
BM25-k25-CE-k5,5,0.3418767241253485,0.2584220026369809
