Retriever,k,HR,MRR
BM25-k1000-CE-k5,5,0.36308437814721295,0.26751005891827095
