Retriever,k,HR,MRR
BM25-k1000-CE-k1,1,0.21051479281304278,0.21051479281304278
