Retriever,k,HR,MRR
BM25-k1-CE-k1,1,0.16828922978120942,0.16828922978120942
