Retriever,k,HR,MRR
BM25-k400-CE-k5,5,0.36365361318289957,0.26842667328342773
