Retriever,k,HR,MRR
BM25-k100-CE-k10,10,0.4189277947250887,0.27510581933356687
