Retriever,k,HR,MRR
BM25-k15-CE-k10,10,0.37515508005779924,0.2590024740988887
