Retriever,k,HR,MRR
BM25-k3-CE-k1,1,0.18994935267759402,0.18994935267759402
