Retriever,k,HR,MRR
BM25-k100-CE-k3,3,0.3139112285259732,0.2568466325125706
