Retriever,k,HR,MRR
BM25-k5-CE-k5,5,0.2964546874315823,0.23575696096605492
