Retriever,k,HR,MRR
BM25-k500-CE-k5,5,0.36343467663071244,0.26815567848438726
