Retriever,k,HR,MRR
BM25-k300-CE-k10,10,0.4283712580094289,0.2771546426480621
