Retriever,k,HR,MRR
BM25-k10-CE-k10,10,0.3565746646621809,0.2532758700179562
