Retriever,k,HR,MRR
BM25-k25-CE-k1,1,0.20740589377198487,0.20740589377198487
