Retriever,k,HR,MRR
BM25-k200-CE-k5,5,0.3625443346518179,0.2682464155221267
