Retriever,k,HR,MRR
BM25-k300-CE-k1,1,0.22816688955929462,0.22816688955929462
