Retriever,k,HR,MRR
BM25-k400-CE-k1,1,0.22692283768233135,0.22692283768233135
