Retriever,k,HR,MRR
BM25-k500-CE-k10,10,0.5002643610238547,0.30851752829599166
