Retriever,k,HR,MRR
BM25-k100-CE-k1,1,0.2316891114359469,0.2316891114359469
