Retriever,k,HR,MRR
BM25-k400-CE-k10,10,0.4986315429353404,0.3087445307381843
