Retriever,k,HR,MRR
BM25-k500-CE-k1,1,0.2262152831773085,0.2262152831773085
