Retriever,k,HR,MRR
BM25-k50-CE-k10,10,0.47010387833172645,0.30525952551267405
