Retriever,k,HR,MRR
BM25-k15-CE-k5,5,0.3725002332597269,0.2806167646357483
