Retriever,k,HR,MRR
BM25-k15-CE-k1,1,0.22433365471340155,0.22433365471340155
