Retriever,k,HR,MRR
BM25-k100-CE-k5,5,0.41325070755450505,0.299871318383976
