Retriever,k,HR,MRR
BM25-k25-CE-k5,5,0.38735887786520695,0.28859476565172537
