Retriever,k,HR,MRR
BM25-k150-CE-k5,5,0.41611202687152055,0.3000203454317369
