Retriever,k,HR,MRR
BM25-k25-CE-k10,10,0.44599259789133205,0.29644897239832885
