Retriever,k,HR,MRR
BM25-k10-CE-k5,5,0.3592433054458371,0.2732916316777034
