Retriever,k,HR,MRR
BM25-k150-CE-k3,3,0.35888564053121014,0.2869846255922145
