Retriever,k,HR,MRR
BM25-k400-CE-k5,5,0.41767486704195567,0.2979186752920916
