Retriever,k,HR,MRR
BM25-k15-CE-k3,3,0.3296426460983423,0.27080158409271254
