Retriever,k,HR,MRR
BM25-k500-CE-k5,5,0.41842907349236463,0.29758770565732434
