Retriever,k,HR,MRR
BM25-k150-CE-k10,10,0.4920847199328212,0.3101662919700721
