Retriever,k,HR,MRR
BM25-k1-CE-k1,1,0.1832954934220757,0.1832954934220757
