Retriever,k,HR,MRR
BM25-k3-CE-k3,3,0.283472770814543,0.2403637815030122
