Retriever,k,HR,MRR
BM25-k25-CE-k1,1,0.22829129474699095,0.22829129474699095
