Retriever,k,HR,MRR
BM25-k150-CE-k1,1,0.2303284296955183,0.2303284296955183
