Retriever,k,HR,MRR
BM25-k200-CE-k10,10,0.4947594314682922,0.3101304915387018
