Retriever,k,HR,MRR
BM25-k200-CE-k5,5,0.4175971137996454,0.29983140505292344
