Retriever,k,HR,MRR
BM25-k100-CE-k3,3,0.357688240599633,0.2872088141075426
