Retriever,k,HR,MRR
BM25-k500-CE-k3,3,0.35734612633346813,0.2836788169066578
