Retriever,k,HR,MRR
BM25-k10-CE-k10,10,0.40208534195875967,0.27912279470823187
