Retriever,k,HR,MRR
BM25-k300-CE-k5,5,0.4179703293627344,0.29902030914689
