Retriever,k,HR,MRR
BM25-k5-CE-k5,5,0.3315864771560974,0.2590793756932934
