Retriever,k,HR,MRR
BM25-k300-CE-k10,10,0.49784623518800736,0.30969044212713315
