Retriever,k,HR,MRR
BM25-k3-CE-k1,1,0.20534631294124964,0.20534631294124964
