Retriever,k,HR,MRR
BM25-k200-CE-k3,3,0.35939103660622645,0.28658030873220125
