Retriever,k,HR,MRR
BM25-k50-CE-k5,5,0.4024352315491556,0.2962170455841323
