Retriever,k,HR,MRR
BM25-k50-CE-k3,3,0.35128137343327215,0.2845431737836731
