Retriever,k,HR,MRR
BM25-k10-CE-k3,3,0.3206621466115137,0.2644491441959677
