Retriever,k,HR,MRR
BM25-k100-CE-k10,10,0.4856078748483812,0.30953971808400566
