Retriever,k,HR,MRR
BM25-k200-CE-k1,1,0.22939539078779586,0.22939539078779586
