Retriever,k,HR,MRR
BM25-k50-CE-k1,1,0.23170466208440893,0.23170466208440893
