Retriever,k,HR,MRR
BM25-k5-CE-k1,1,0.21238298137032313,0.21238298137032313
