Retriever,k,HR,MRR
BM25-k10-CE-k1,1,0.21997169781979908,0.21997169781979908
