Retriever,k,HR,MRR
BM25-k300-CE-k3,3,0.359204428824682,0.2856420862749903
