Retriever,k,HR,MRR
BM25-k15-CE-k10,10,0.42413616147793365,0.28755957070829724
