Retriever,k,HR,MRR
BM25-k5-CE-k3,3,0.3023590333716916,0.2523533314672425
