Retriever,k,HR,MRR
BM25-k400-CE-k3,3,0.3579059496781016,0.28429436340828024
