Retriever,k,HR,MRR
BM25-k25-CE-k3,3,0.3401548844586819,0.27780455945012034
