Retriever,k,HR,MRR
BM25,5,0.0001866077815444904,9.123047097730641e-05
