Retriever,k,HR,MRR
BM25,100,0.7026716014057787,0.258492494364739
