Retriever,k,HR,MRR
BM25,15,0.0006064752900195938,0.0001352257177918858
