Retriever,k,HR,MRR
BM25,3,0.283472770814543,0.22711851667546312
