Retriever,k,HR,MRR
BM25,300,0.8027400242590116,0.25911344284292237
