Retriever,k,HR,MRR
BM25,50,0.0023559232419991913,0.00019177484230350786
