Retriever,k,HR,MRR
BM25,400,0.027773458153204988,0.000322337673783871
