Retriever,k,HR,MRR
BM25,1,3.8876621155102165e-05,3.8876621155102165e-05
