Retriever,k,HR,MRR
BM25,150,0.7427145211955338,0.25882252719261395
