Retriever,k,HR,MRR
BM25,1000,0.8847774702205082,0.2592761945369297
