Retriever,k,HR,MRR
BM25,300,0.01845084440021149,0.00029562016219347346
