Retriever,k,HR,MRR
BM25,5,0.3315864771560974,0.23807783617909578
