Retriever,k,HR,MRR
BM25,500,0.8401237831617578,0.25921078802334474
