Retriever,k,HR,MRR
BM25,400,0.8235312412527602,0.25917366015790194
