Retriever,k,HR,MRR
BM25,3,0.00011662986346530651,7.645735493836759e-05
