Retriever,k,HR,MRR
BM25,10,0.40208534195875967,0.247407555714514
