Retriever,k,HR,MRR
BM25,100,0.004680745187074301,0.00022329722028274665
