Retriever,k,HR,MRR
BM25,25,0.0010107921500326564,0.00015564377940005295
