Retriever,k,HR,MRR
BM25,500,0.0376325692781389,0.00034423709088945867
