Retriever,k,HR,MRR
BM25,200,0.010527789008801667,0.00026373856983060557
