Retriever,k,HR,MRR
BM25,50,0.6106117625104966,0.25716195016872895
