Retriever,k,HR,MRR
BM25,10,0.0004198675084751034,0.00012037868050526274
