Retriever,k,HR,MRR
BM25,1000,0.09387148944110969,0.00042219386314199116
