Retriever,k,HR,MRR
BM25,200,0.7689018132056107,0.2589739163670713
