Retriever,k,HR,MRR
BM25,25,0.514843093957018,0.2544376483351474
