Retriever,k,HR,MRR
BM25,150,0.007503187882934718,0.0002462080711994556
