Retriever,k,HR,MRR
BM25,15,0.449382639256057,0.25112940729307903
