Retriever,k,HR,MRR
BM25-k400-CE-k1,1,0.2908593288340124,0.2908593288340124
