Retriever,k,HR,MRR
BM25-k150-CE-k3,3,0.41297079588218827,0.34501187032833724
