Retriever,k,HR,MRR
BM25-k25-CE-k3,3,0.3974512487170715,0.33397738935714216
