Retriever,k,HR,MRR
BM25-k50-CE-k3,3,0.40678163779429605,0.34113846297391637
