Retriever,k,HR,MRR
BM25-k5-CE-k1,1,0.26646036139707024,0.26646036139707024
