Retriever,k,HR,MRR
BM25-k5-CE-k3,3,0.3657979037725873,0.3103948309644501
