Retriever,k,HR,MRR
BM25-k10-CE-k10,10,0.4793331881939477,0.3398805389311604
