Retriever,k,HR,MRR
BM25-k50-CE-k10,10,0.539179858800112,0.3640366138783578
