Retriever,k,HR,MRR
BM25-k500-CE-k1,1,0.29066494572823687,0.29066494572823687
