Retriever,k,HR,MRR
BM25-k400-CE-k10,10,0.5533698255217242,0.3689412698906039
