Retriever,k,HR,MRR
BM25-k500-CE-k5,5,0.47015053027711257,0.35775459003307464
