Retriever,k,HR,MRR
BM25-k300-CE-k1,1,0.29103816129132587,0.29103816129132587
