Retriever,k,HR,MRR
BM25-k500-CE-k3,3,0.413631698441825,0.3448576597310891
