Retriever,k,HR,MRR
BM25-k25-CE-k10,10,0.5203402481883495,0.3555251546548765
