Retriever,k,HR,MRR
BM25-k200-CE-k10,10,0.5518536372966752,0.36876572343341146
