Retriever,k,HR,MRR
BM25-k5-CE-k5,5,0.4003436693310111,0.3183590955742845
