Retriever,k,HR,MRR
BM25-k3-CE-k3,3,0.34735483469660683,0.2982186732186692
