Retriever,k,HR,MRR
BM25-k25-CE-k5,5,0.45073554567225455,0.34617998320530197
