Retriever,k,HR,MRR
BM25-k15-CE-k5,5,0.43897925543495164,0.33894711742813133
