Retriever,k,HR,MRR
BM25-k100-CE-k3,3,0.4116101141417597,0.3443302335707509
