Retriever,k,HR,MRR
BM25-k10-CE-k3,3,0.38198612882157185,0.3223390248706708
