Retriever,k,HR,MRR
BM25-k1-CE-k1,1,0.2361521475445526,0.2361521475445526
