Retriever,k,HR,MRR
BM25-k1000-CE-k1,1,0.28966970422666627,0.28966970422666627
