Retriever,k,HR,MRR
BM25-k100-CE-k10,10,0.5486813050104189,0.3678540142147425
