Retriever,k,HR,MRR
BM25-k150-CE-k1,1,0.2913569495847977,0.2913569495847977
