Retriever,k,HR,MRR
BM25-k50-CE-k1,1,0.28920318477280504,0.28920318477280504
