Retriever,k,HR,MRR
BM25-k10-CE-k1,1,0.27536310764158867,0.27536310764158867
