Retriever,k,HR,MRR
BM25-k200-CE-k1,1,0.29100705999440174,0.29100705999440174
