Retriever,k,HR,MRR
BM25-k400-CE-k3,3,0.4135772711722079,0.34492504587442485
