Retriever,k,HR,MRR
BM25-k200-CE-k5,5,0.4691164121543868,0.35772970899553536
