Retriever,k,HR,MRR
BM25-k200-CE-k3,3,0.41334401144527727,0.344982064918785
