Retriever,k,HR,MRR
BM25-k100-CE-k1,1,0.2912247690728703,0.2912247690728703
