Retriever,k,HR,MRR
BM25-k400-CE-k5,5,0.47013497962865053,0.3578340279289683
