Retriever,k,HR,MRR
BM25-k15-CE-k3,3,0.3893571361925792,0.327583481064497
