Retriever,k,HR,MRR
BM25-k150-CE-k5,5,0.46867321867321865,0.357756015509184
