Retriever,k,HR,MRR
BM25-k300-CE-k5,5,0.4693963238267036,0.3577342446013367
