Retriever,k,HR,MRR
BM25-k1000-CE-k5,5,0.46858769010667745,0.3565794793642932
