Retriever,k,HR,MRR
BM25-k1000-CE-k3,3,0.41233321929524464,0.34372375828073126
