Retriever,k,HR,MRR
BM25-k100-CE-k5,5,0.46650390321276397,0.35687416415264933
