Retriever,k,HR,MRR
BM25-k150-CE-k10,10,0.5517214567847479,0.36883510586039014
