Retriever,k,HR,MRR
BM25-k15-CE-k10,10,0.501150747986191,0.34732539028423154
