Retriever,k,HR,MRR
BM25-k300-CE-k3,3,0.41323515690604296,0.34490690345121844
