Retriever,k,HR,MRR
BM25-k300-CE-k10,10,0.5528488787982458,0.368886487794682
