Retriever,k,HR,MRR
BM25-k500-CE-k10,10,0.553665287842503,0.3689041334610619
