Retriever,k,HR,MRR
BM25-k3-CE-k1,1,0.2584828787360433,0.2584828787360433
