Retriever,k,HR,MRR
BM25-k50-CE-k5,5,0.4613644138960595,0.353600363885178
