Retriever,k,HR,MRR
BM25-k10-CE-k5,5,0.42759618076073774,0.3328022786883557
