Retriever,k,HR,MRR
BM25-k15-CE-k1,1,0.27890088016670295,0.27890088016670295
