Retriever,k,HR,MRR
BM25-k25-CE-k1,1,0.28387708767455605,0.28387708767455605
