Retriever,k,HR,MRR
BM25-k1000-CE-k10,10,0.5531054644978696,0.3678503733883142
