Retriever,k,HR,MRR
largeDPR,5,0.5022315180543029,0.3762896671124615
