Retriever,k,HR,MRR
largeDPR,100,0.8748872577986502,0.3986973756412675
