Retriever,k,HR,MRR
largeDPR,300,0.5865238080427954,0.3875556707043685
