Retriever,k,HR,MRR
largeDPR,300,0.9389481541380276,0.3991093282626543
