Retriever,k,HR,MRR
largeDPR,500,0.9576555842378627,0.3991587407487614
