Retriever,k,HR,MRR
largeDPR,50,0.7933007806425528,0.39750646200815726
