Retriever,k,HR,MRR
largeDPR,200,0.9204273318197369,0.3990329349160926
