Retriever,k,HR,MRR
largeDPR,150,0.9039591950984356,0.39893767777792166
