Retriever,k,HR,MRR
largeDPR,400,0.9501834976518521,0.3991420020289322
