Retriever,k,HR,MRR
largeDPR,15,0.6380042297763817,0.39161340696866287
