Retriever,k,HR,MRR
largeDPR,1,0.3007961932012565,0.3007961932012565
