Retriever,k,HR,MRR
largeDPR,1000,0.9736805274779958,0.39918237431134806
