Retriever,k,HR,MRR
largeDPR,25,0.7033480546138774,0.39493890407727167
