Retriever,k,HR,MRR
largeDPR,3,0.4399589462880602,0.3620592687048612
