Retriever,k,HR,MRR
largeDPR,15,0.5865238080427954,0.3875556707043685
