{
    "blue": {
        "bleu": 0.2936646665722828,
        "precisions": [
            0.3739130434782609,
            0.32,
            0.2727272727272727,
            0.22790697674418606
        ],
        "brevity_penalty": 1.0,
        "length_ratio": 2.4731182795698925,
        "translation_length": 230,
        "reference_length": 93
    },
    "rouge": {
        "rougeL": 0.6468797411589173
    },
    "bertscore": {
        "precision": [
            0.9743719100952148,
            0.9799145460128784,
            0.8729158639907837,
            0.947624683380127,
            0.845526933670044
        ],
        "recall": [
            0.9839964509010315,
            0.9813896417617798,
            0.9309583306312561,
            0.9699940085411072,
            0.935033917427063
        ],
        "f1": [
            0.9791605472564697,
            0.9806514978408813,
            0.9010032415390015,
            0.9586788415908813,
            0.8880307078361511
        ],
        "hashcode": "roberta-large_L17_no-idf_version=0.3.12(hug_trans=4.35.2)"
    },
    "llm_accuracy": 0.8
}