Retriever,k,HR,MRR
BM25,300,0.7093982163968882,0.23332937178924407
