Retriever,k,HR,MRR
BM25,5,0.00021893655218717614,9.876471131999278e-05
