Retriever,k,HR,MRR
BM25,50,0.0018098754980806562,0.00017571701743570586
