Retriever,k,HR,MRR
BM25,25,0.0009049377490403281,0.0001515064208595225
