Retriever,k,HR,MRR
BM25,1000,0.07363566038562025,0.00036415570631672756
