Retriever,k,HR,MRR
BM25,150,0.006261585392553238,0.00022486349872961536
