Retriever,k,HR,MRR
BM25,10,0.3565746646621809,0.22371555485126357
