Retriever,k,HR,MRR
BM25,100,0.6068921226628523,0.2326915052191052
