Retriever,k,HR,MRR
BM25,400,0.02244829448425846,0.0002835129428545513
