Retriever,k,HR,MRR
BM25,400,0.730503700027732,0.23339062559871682
