Retriever,k,HR,MRR
BM25,3,0.25525082830995577,0.20633310466627444
