Retriever,k,HR,MRR
BM25,1000,0.7907842307299344,0.23349033256568938
