Retriever,k,HR,MRR
BM25,300,0.014187088581729014,0.0002601313778085308
