Retriever,k,HR,MRR
BM25,3,0.00014595770145811745,8.270936415959988e-05
