Retriever,k,HR,MRR
BM25,10,0.0003940857939369171,0.00012204843988593059
