Retriever,k,HR,MRR
BM25,5,0.2964546874315823,0.2157181848700371
