Retriever,k,HR,MRR
BM25,1,0.16828922978120942,0.16828922978120942
