Retriever,k,HR,MRR
BM25,150,0.6485922379694364,0.23303545851787488
