Retriever,k,HR,MRR
BM25,500,0.032344226643118826,0.0003054832450208112
