Retriever,k,HR,MRR
BM25,500,0.7463547064060835,0.2334261549655358
