Retriever,k,HR,MRR
BM25,100,0.003911666399077547,0.0002058365703203598
