Retriever,k,HR,MRR
BM25,200,0.675068965013939,0.23318817708945405
