Retriever,k,HR,MRR
BM25,15,0.0005546392655408463,0.00013415641617588693
