Retriever,k,HR,MRR
BM25,15,0.394479879730854,0.2266983948964254
