Retriever,k,HR,MRR
BM25,200,0.008377972063695942,0.00023702309699357856
