Retriever,k,HR,MRR
BM25,25,0.44641162990965216,0.2293181245158299
