Retriever,k,HR,MRR
BM25,50,0.5237546159123087,0.2315017372851112
