Retriever,k,HR,MRR
BM25,1,4.378731043743523e-05,4.378731043743523e-05
