Retriever,k,HR,MRR
largeDPR,1000,0.8613985666953716,0.3026669803893371
