Retriever,k,HR,MRR
largeDPR,150,0.7479018580415395,0.30229263531626355
