Retriever,k,HR,MRR
largeDPR,1,0.2263074161108111,0.2263074161108111
