Retriever,k,HR,MRR
largeDPR,100,0.7080262140031819,0.30196227657093316
