Retriever,k,HR,MRR
largeDPR,200,0.7709485791017763,0.30242626999129074
