Retriever,k,HR,MRR
largeDPR,25,0.5436340548509042,0.29846538327005173
