Retriever,k,HR,MRR
largeDPR,3,0.3320975581276546,0.27268304312077307
