Retriever,k,HR,MRR
largeDPR,400,0.8156992103688351,0.30259042003118525
