Retriever,k,HR,MRR
largeDPR,15,0.48815553252667376,0.29565362546513213
