Retriever,k,HR,MRR
largeDPR,5,0.37913972530760587,0.28341677248600944
