Retriever,k,HR,MRR
largeDPR,50,0.6251806226555544,0.30077092361556407
