Retriever,k,HR,MRR
largeDPR,25,0.44585699064411133,0.29232017489903633
