Retriever,k,HR,MRR
largeDPR,300,0.7989286704712975,0.30254176230022856
