Retriever,k,HR,MRR
largeDPR,500,0.828032636142046,0.3026179943591199
