Retriever,k,HR,MRR
largeDPR,100,0.7188562754513742,0.31209287697178584
