Retriever,k,HR,MRR
largeDPR,500,0.83268868681856,0.3127050271505876
