Retriever,k,HR,MRR
largeDPR,1,0.23522543166990206,0.23522543166990206
