Retriever,k,HR,MRR
largeDPR,400,0.8203406652752032,0.31267736887832187
