Retriever,k,HR,MRR
largeDPR,1000,0.864171763023076,0.3127506549729146
