Retriever,k,HR,MRR
largeDPR,150,0.7549662107921125,0.3123905543087106
