Retriever,k,HR,MRR
largeDPR,300,0.8035847211478113,0.31262878513750625
