Retriever,k,HR,MRR
largeDPR,25,0.5567264606716973,0.3086296975703443
