Retriever,k,HR,MRR
largeDPR,10,0.4593142907185498,0.30253481612457866
