Retriever,k,HR,MRR
largeDPR,1000,0.4593142907185498,0.30253481612457866
