Retriever,k,HR,MRR
largeDPR,5,0.3897654459737568,0.2933088124394966
