Retriever,k,HR,MRR
largeDPR,50,0.6374994526586195,0.31092041937288645
