Retriever,k,HR,MRR
largeDPR,15,0.5009560229445507,0.3058108236107379
