Retriever,k,HR,MRR
largeDPR,3,0.34232919299986864,0.2825035638005452
