Retriever,k,HR,MRR
largeDPR,200,0.7771809729540379,0.3125196629897264
