Retriever,k,HR,MRR
BM25,500,0.023014959723820484,0.00042312931934729606
