Retriever,k,HR,MRR
BM25,1000,0.047413927160762606,0.00045706782241043535
