Retriever,k,HR,MRR
BM25,3,0.34735483469660683,0.28470515970515303
