Retriever,k,HR,MRR
BM25,300,0.014228843342767394,0.0004006150915350558
