Retriever,k,HR,MRR
BM25,1,0.00013169371891929497,0.00013169371891929497
