Retriever,k,HR,MRR
BM25,10,0.4793331881939477,0.30734142102810885
