Retriever,k,HR,MRR
BM25,50,0.0026764983291173656,0.00031607460479164223
