Retriever,k,HR,MRR
BM25,50,0.6937610798370292,0.3175369619910845
