Retriever,k,HR,MRR
BM25,200,0.8131123067831929,0.31896444560408765
