Retriever,k,HR,MRR
BM25,200,0.009820234503778807,0.00038268626670442615
