Retriever,k,HR,MRR
BM25,5,0.000308721536724464,0.00019239672937630372
