Retriever,k,HR,MRR
BM25,1,0.2361521475445526,0.2361521475445526
