Retriever,k,HR,MRR
BM25,10,0.000648440634319623,0.000235318666425706
