Retriever,k,HR,MRR
BM25,400,0.018808509314838427,0.00041382178364593594
