Retriever,k,HR,MRR
BM25,25,0.5988476969489628,0.31483117075894745
