Retriever,k,HR,MRR
BM25,150,0.7959910428264859,0.31886543278108304
