Retriever,k,HR,MRR
BM25,1000,0.8841398936335645,0.3191545657354047
