Retriever,k,HR,MRR
BM25,100,0.004946134730773459,0.0003469214979318556
