Retriever,k,HR,MRR
BM25,25,0.0013812493037155967,0.0002797494595657186
