Retriever,k,HR,MRR
BM25,3,0.0002312912175986126,0.00017498258531090008
