Retriever,k,HR,MRR
BM25,15,0.0008985093810264598,0.0002552130558734089
