Retriever,k,HR,MRR
BM25,100,0.769780424843716,0.31864888815765335
