Retriever,k,HR,MRR
BM25,5,0.4003436693310111,0.29683272167449104
