Retriever,k,HR,MRR
BM25,150,0.007539313093454229,0.0003680952183713228
