Retriever,k,HR,MRR
BM25,15,0.5302693372313626,0.3113567482453757
