Retriever,k,HR,MRR
BM25,400,0.8487699437066526,0.3190960184819644
