Retriever,k,HR,MRR
BM25,300,0.8362749976674028,0.31905986722695245
