Retriever,k,HR,MRR
BM25,500,0.8579603769477188,0.3191166051026819
